{
  "temp_hist": 15.650227272727271,
  "prcp_hist": 0.18829545454545454,
  "fare_amount_hist": 21.99223435567929,
  "trip_distance_hist": 6.714650800907643,
  "has_congestion_surcharge_hist": 0.9143864469028784
}