{
  "temp_hist": 14.334655172413793,
  "prcp_hist": 0.11137931034482759,
  "fare_amount_hist": 12.63190080275042,
  "trip_distance_hist": 2.4531424833049034,
  "has_congestion_surcharge_hist": 0.5760572155352609
}