{
  "0": 2523.10009765625,
  "1": 3493.60009765625,
  "10": 683.5,
  "11": 544.0,
  "12": 1802.199951171875,
  "13": 5100.2001953125,
  "14": 10674.400390625,
  "15": 4526.5,
  "16": 807.7999877929688,
  "17": 6695.10009765625,
  "18": 7823.5,
  "19": 109.69999694824219,
  "2": 17.5,
  "20": 1435.5999755859375,
  "21": 3428.5,
  "22": 239.5,
  "23": 4469.2998046875,
  "24": 397.1000061035156,
  "25": 202.0,
  "26": 5457.2998046875,
  "27": 1981.0999755859375,
  "28": -180.5,
  "29": 2005.300048828125,
  "3": 282.20001220703125,
  "30": -289.70001220703125,
  "31": -21.100000381469727,
  "4": 1229.9000244140625,
  "5": 925.4000244140625,
  "6": -1720.300048828125,
  "7": 238.8000030517578,
  "8": 2609.199951171875,
  "9": -671.5
}