{
  "temp_hist": 14.334655172413793,
  "prcp_hist": 0.1113793103448276,
  "fare_amount_hist": 12.378257625090543,
  "trip_distance_hist": 2.4152416591761137,
  "has_congestion_surcharge_hist": 0.5697018264844121
}